id,first_name,last_name,email,gender
1,Mallissa,Klimowicz,mklimowicz0@wix.com,Female
2,Tiler,O'Fielly,tofielly1@fotki.com,Male
3,Eunice,Caselick,ecaselick2@technorati.com,Genderqueer
4,Judith,Berriman,jberriman3@simplemachines.org,Female
5,Karoly,Walak,kwalak4@sciencedaily.com,Male
6,Griff,Drissell,gdrissell5@ask.com,Male
7,Cameron,Garwood,cgarwood6@google.com.au,Male
8,Boigie,Sandwick,bsandwick7@unblog.fr,Male
9,Matthias,Hedingham,mhedingham8@ycombinator.com,Male
10,Wallache,Spiaggia,wspiaggia9@exblog.jp,Male
11,Danielle,Renac,drenaca@360.cn,Female
12,Leslie,Wilstead,lwilsteadb@opera.com,Male
13,Alix,Chater,achaterc@spotify.com,Female
14,Sigfrid,Walford,swalfordd@marriott.com,Male
15,Danita,Donovan,ddonovane@sina.com.cn,Agender
16,Arnold,Adamovsky,aadamovskyf@nih.gov,Male
17,Debora,Chinnick,dchinnickg@slate.com,Bigender
18,Beatrisa,Truss,btrussh@examiner.com,Female
19,Maura,Kopf,mkopfi@goodreads.com,Polygender
20,Ennis,McGeachy,emcgeachyj@slashdot.org,Male
21,Nicolette,Semiras,nsemirask@foxnews.com,Female
22,Ginnie,Deignan,gdeignanl@topsy.com,Female
23,Nertie,Spanswick,nspanswickm@google.com,Female
24,Yurik,Lytlle,ylytllen@statcounter.com,Male
25,Philomena,Grinval,pgrinvalo@goodreads.com,Female
26,Giordano,Quinion,gquinionp@creativecommons.org,Male
27,Genevra,Lucas,glucasq@github.com,Female
28,Earlie,Santora,esantorar@fastcompany.com,Male
29,Kellia,Allgood,kallgoods@sun.com,Female
30,Tatum,Amorine,tamorinet@bloglovin.com,Non-binary
31,Trudy,Seeking,tseekingu@wikia.com,Female
32,Wynnie,Corbyn,wcorbynv@soup.io,Female
33,Timothee,Gypps,tgyppsw@technorati.com,Male
34,Rolf,Brislawn,rbrislawnx@exblog.jp,Male
35,Corey,O'Heagertie,coheagertiey@apache.org,Male
36,Cassondra,Kither,ckitherz@gravatar.com,Female
37,Petronella,Stairmond,pstairmond10@reference.com,Female
38,Robbin,Kears,rkears11@japanpost.jp,Female
39,Holt,Allsop,hallsop12@reverbnation.com,Male
40,Elga,Fulun,efulun13@istockphoto.com,Female
41,Emerson,Medler,emedler14@jimdo.com,Male
42,Lev,Yeliashev,lyeliashev15@webnode.com,Male
43,Carri,Krishtopaittis,ckrishtopaittis16@vimeo.com,Female
44,Marmaduke,Shorthouse,mshorthouse17@nhs.uk,Male
45,Carlos,Beaten,cbeaten18@cdbaby.com,Male
46,Sayres,Domone,sdomone19@example.com,Agender
47,Hartwell,Tampling,htampling1a@theatlantic.com,Male
48,Jan,Poker,jpoker1b@loc.gov,Non-binary
49,Venus,Habens,vhabens1c@fastcompany.com,Female
50,Carry,Collman,ccollman1d@nytimes.com,Female
51,Jeth,Butchart,jbutchart1e@fda.gov,Male
52,Booth,Weldrick,bweldrick1f@loc.gov,Male
53,Nicolai,Sanchis,nsanchis1g@state.gov,Male
54,Perla,Bayston,pbayston1h@mit.edu,Female
55,Robinet,Hobell,rhobell1i@newsvine.com,Female
56,Aldus,Gapper,agapper1j@newsvine.com,Non-binary
57,Kynthia,Telfer,ktelfer1k@google.cn,Female
58,Isaiah,Narraway,inarraway1l@columbia.edu,Male
59,Mord,Stollsteiner,mstollsteiner1m@rakuten.co.jp,Male
60,Lotta,Bumpus,lbumpus1n@homestead.com,Female
61,Carlynne,Lambrechts,clambrechts1o@sphinn.com,Female
62,Martha,Swallow,mswallow1p@sciencedirect.com,Female
63,Josy,Hobgen,jhobgen1q@goodreads.com,Female
64,Sherwood,Sancho,ssancho1r@ask.com,Male
65,Irvine,Geraud,igeraud1s@xrea.com,Male
66,Allan,Tansly,atansly1t@over-blog.com,Male
67,Neall,Rohloff,nrohloff1u@nhs.uk,Male
68,Raleigh,Purkis,rpurkis1v@twitter.com,Male
69,Dotti,Monkton,dmonkton1w@loc.gov,Female
70,Marie-ann,Mollin,mmollin1x@youtu.be,Female
71,Tiffani,Aleksich,taleksich1y@aol.com,Female
72,Blair,Robers,brobers1z@hostgator.com,Male
73,Levon,Simonassi,lsimonassi20@dyndns.org,Male
74,Cathrine,Bech,cbech21@baidu.com,Female
75,Sisile,Martensen,smartensen22@creativecommons.org,Female
76,Archibald,Vaar,avaar23@wunderground.com,Male
77,Hana,Jessep,hjessep24@alexa.com,Female
78,Rosie,Kamena,rkamena25@networkadvertising.org,Female
79,Miriam,Mawtus,mmawtus26@booking.com,Female
80,Jackson,Rodolphe,jrodolphe27@printfriendly.com,Male
81,Vinnie,Gottelier,vgottelier28@slashdot.org,Male
82,Dru,Rapkins,drapkins29@sitemeter.com,Female
83,Gabby,Willoughey,gwilloughey2a@acquirethisname.com,Male
84,Leanora,Jukes,ljukes2b@yandex.ru,Female
85,Humfrey,Pinnigar,hpinnigar2c@1688.com,Male
86,Bryce,Morefield,bmorefield2d@phpbb.com,Male
87,Ansley,Acory,aacory2e@woothemes.com,Female
88,Cyrill,Kerkham,ckerkham2f@tuttocitta.it,Male
89,Mattheus,Chattock,mchattock2g@mtv.com,Male
90,Neal,Elphick,nelphick2h@dyndns.org,Male
91,Liz,Burde,lburde2i@nydailynews.com,Female
92,Chaim,Amiranda,camiranda2j@irs.gov,Male
93,Josefina,Studdert,jstuddert2k@tripadvisor.com,Female
94,Mandi,Castane,mcastane2l@51.la,Female
95,Corbet,Lantry,clantry2m@bbc.co.uk,Male
96,Gawen,Willson,gwillson2n@illinois.edu,Male
97,Mikaela,Wellings,mwellings2o@e-recht24.de,Female
98,Cecilius,Heffy,cheffy2p@hostgator.com,Male
99,Rose,Erdis,rerdis2q@dropbox.com,Female
100,Carroll,Benez,cbenez2r@google.com.au,Female
101,Karoly,Dampney,kdampney2s@nyu.edu,Female
102,Kerby,Haysman,khaysman2t@auda.org.au,Male
103,Frederic,Chapling,fchapling2u@addtoany.com,Male
104,Dalis,Dooland,ddooland2v@naver.com,Male
105,Milo,De Robertis,mderobertis2w@yolasite.com,Male
106,Demetri,Cohan,dcohan2x@usgs.gov,Male
107,Mordy,Jopson,mjopson2y@patch.com,Male
108,Clarey,Buckbee,cbuckbee2z@hibu.com,Female
109,Brenden,Rickett,brickett30@linkedin.com,Male
110,Ruy,MacGorrie,rmacgorrie31@artisteer.com,Male
111,Willi,Duckitt,wduckitt32@dell.com,Male
112,Bowie,Petrazzi,bpetrazzi33@bbb.org,Male
113,Margit,Cossor,mcossor34@pbs.org,Genderfluid
114,Twyla,Paten,tpaten35@census.gov,Female
115,Philipa,Kordes,pkordes36@statcounter.com,Female
116,Cole,Pacht,cpacht37@census.gov,Male
117,Hinze,Binney,hbinney38@addtoany.com,Male
118,Arley,Burford,aburford39@tamu.edu,Male
119,Gabey,Midgley,gmidgley3a@hhs.gov,Female
120,Zedekiah,Ronnay,zronnay3b@ebay.co.uk,Male
121,Buck,Starr,bstarr3c@addthis.com,Male
122,Donnajean,Leteurtre,dleteurtre3d@homestead.com,Female
123,Alverta,Ryce,aryce3e@topsy.com,Female
124,Lyndsie,Shoobridge,lshoobridge3f@java.com,Female
125,Kevin,Doreward,kdoreward3g@reddit.com,Male
126,Lorri,Dakhno,ldakhno3h@stanford.edu,Female
127,Alexio,Castana,acastana3i@webnode.com,Male
128,Meridel,Perigeaux,mperigeaux3j@topsy.com,Non-binary
129,Erma,Wasielewski,ewasielewski3k@boston.com,Non-binary
130,Dorothee,Ferrelli,dferrelli3l@squarespace.com,Female
131,Eustace,Purviss,epurviss3m@google.de,Agender
132,Lonee,Allbut,lallbut3n@blogspot.com,Female
133,Renaud,McCart,rmccart3o@who.int,Male
134,Krystal,Coenraets,kcoenraets3p@nsw.gov.au,Female
135,Lissy,Porcas,lporcas3q@timesonline.co.uk,Female
136,Pauly,Saunderson,psaunderson3r@symantec.com,Female
137,Duky,Longthorne,dlongthorne3s@sfgate.com,Male
138,Betsey,Pordall,bpordall3t@adobe.com,Genderqueer
139,Mariellen,Healings,mhealings3u@reuters.com,Female
140,Sayre,Draayer,sdraayer3v@a8.net,Female
141,Carmella,Riping,criping3w@army.mil,Female
142,Cheryl,Biggs,cbiggs3x@dion.ne.jp,Female
143,Nealon,Gristhwaite,ngristhwaite3y@foxnews.com,Male
144,Lotte,Corking,lcorking3z@ebay.com,Female
145,Lorri,Vaines,lvaines40@prweb.com,Female
146,Aurel,Kelloch,akelloch41@people.com.cn,Female
147,Jess,Dwine,jdwine42@tinypic.com,Male
148,Jacynth,Wanstall,jwanstall43@tmall.com,Female
149,Kerwinn,Hugonin,khugonin44@prnewswire.com,Male
150,Norry,Schrieves,nschrieves45@biblegateway.com,Male
151,Fidelia,Spittal,fspittal46@slate.com,Female
152,Nalani,Olyet,nolyet47@youtube.com,Female
153,Dannie,Kennard,dkennard48@wikia.com,Male
154,Rosamund,Cowins,rcowins49@baidu.com,Female
155,Talia,Demaine,tdemaine4a@independent.co.uk,Female
156,Dania,Phython,dphython4b@si.edu,Female
157,Hobie,Rockey,hrockey4c@ezinearticles.com,Male
158,Tremayne,Shearn,tshearn4d@myspace.com,Male
159,Pearline,Vass,pvass4e@skype.com,Female
160,Lorilee,Noriega,lnoriega4f@nytimes.com,Female
161,Wolfy,Barlas,wbarlas4g@squarespace.com,Male
162,Emanuele,Chidgey,echidgey4h@un.org,Agender
163,Avivah,Dumbreck,adumbreck4i@myspace.com,Bigender
164,Demetri,Shattock,dshattock4j@fotki.com,Non-binary
165,Karna,Creeghan,kcreeghan4k@topsy.com,Female
166,Gilles,Depke,gdepke4l@newsvine.com,Male
167,Tammie,Choulerton,tchoulerton4m@marriott.com,Female
168,Lyndsie,Chinnock,lchinnock4n@xinhuanet.com,Agender
169,Mela,Steeples,msteeples4o@theglobeandmail.com,Female
170,Cookie,Buncombe,cbuncombe4p@unc.edu,Genderfluid
171,Kaiser,Farnall,kfarnall4q@zdnet.com,Male
172,Hedda,Reppaport,hreppaport4r@admin.ch,Female
173,Baryram,Gofforth,bgofforth4s@stanford.edu,Male
174,Lisle,Kernaghan,lkernaghan4t@ca.gov,Male
175,Danyette,Zuanazzi,dzuanazzi4u@thetimes.co.uk,Female
176,Tasia,Letteresse,tletteresse4v@networksolutions.com,Female
177,Marita,Lampke,mlampke4w@reddit.com,Female
178,Danyette,Fridd,dfridd4x@spiegel.de,Female
179,Rasia,Click,rclick4y@china.com.cn,Female
180,Jennilee,MacSkeaghan,jmacskeaghan4z@adobe.com,Female
181,Chen,Sinkins,csinkins50@cloudflare.com,Male
182,Franny,Overil,foveril51@infoseek.co.jp,Polygender
183,Drusie,Giacovelli,dgiacovelli52@google.it,Female
184,Rycca,Sandon,rsandon53@edublogs.org,Female
185,Felizio,Tejada,ftejada54@pinterest.com,Male
186,Inez,Klimkovich,iklimkovich55@wikispaces.com,Female
187,Dianna,Timmens,dtimmens56@weather.com,Genderqueer
188,Caleb,Pethybridge,cpethybridge57@answers.com,Male
189,Sawyer,Gurton,sgurton58@msn.com,Male
190,Xenia,Notton,xnotton59@cdbaby.com,Female
191,Cassandra,Muldownie,cmuldownie5a@edublogs.org,Female
192,Bentlee,Baumert,bbaumert5b@unesco.org,Male
193,Rowan,Oehme,roehme5c@weibo.com,Male
194,Norton,Drayn,ndrayn5d@engadget.com,Male
195,Aline,Van Velden,avanvelden5e@bloglovin.com,Agender
196,Aurora,Oxtiby,aoxtiby5f@usa.gov,Female
197,Tymon,Odlin,todlin5g@wikimedia.org,Male
198,Adele,Wetheril,awetheril5h@amazon.de,Female
199,Rem,Creddon,rcreddon5i@friendfeed.com,Male
200,Ermin,Chellenham,echellenham5j@aboutads.info,Male
201,Mindy,Meijer,mmeijer5k@angelfire.com,Female
202,Dewain,Kay,dkay5l@ca.gov,Male
203,Angeli,Sones,asones5m@cnet.com,Male
204,Natalya,Dumini,ndumini5n@angelfire.com,Genderfluid
205,Leona,Ryton,lryton5o@comcast.net,Female
206,Iain,Natwick,inatwick5p@huffingtonpost.com,Genderfluid
207,Brianne,MacNab,bmacnab5q@adobe.com,Female
208,Nanon,Shimoni,nshimoni5r@ihg.com,Female
209,Wallis,Biggerdike,wbiggerdike5s@mtv.com,Female
210,Jeni,Landell,jlandell5t@archive.org,Female
211,Jacquelyn,Yeell,jyeell5u@eventbrite.com,Female
212,Tommy,Saunder,tsaunder5v@jugem.jp,Male
213,Burke,Wressell,bwressell5w@howstuffworks.com,Male
214,Hinda,Derrington,hderrington5x@usda.gov,Female
215,Raquela,Francino,rfrancino5y@theatlantic.com,Female
216,Jocko,Cords,jcords5z@canalblog.com,Male
217,Zebedee,Burle,zburle60@issuu.com,Male
218,Ripley,Gerson,rgerson61@t-online.de,Male
219,Brooks,Dellow,bdellow62@flavors.me,Female
220,Riannon,Saker,rsaker63@arizona.edu,Female
221,Rozanne,Ferrero,rferrero64@nifty.com,Female
222,Clovis,Aarons,caarons65@nydailynews.com,Genderfluid
223,Fulvia,Eggle,feggle66@meetup.com,Female
224,Lorettalorna,de Keep,ldekeep67@bloglovin.com,Female
225,Abbott,Hanington,ahanington68@mtv.com,Male
226,Quinton,Philipson,qphilipson69@guardian.co.uk,Male
227,Torey,Broek,tbroek6a@dion.ne.jp,Female
228,Padraic,Halpeine,phalpeine6b@bing.com,Male
229,Raf,May,rmay6c@reddit.com,Female
230,Milena,Gonzalo,mgonzalo6d@yale.edu,Genderqueer
231,Worthington,Grimwad,wgrimwad6e@baidu.com,Male
232,Brewster,Fountaine,bfountaine6f@umich.edu,Male
233,Yankee,Stanbro,ystanbro6g@edublogs.org,Male
234,Darelle,Rust,drust6h@techcrunch.com,Female
235,Roley,Kimbury,rkimbury6i@alexa.com,Male
236,Garrot,Ricarde,gricarde6j@wp.com,Male
237,Mimi,Batterson,mbatterson6k@wisc.edu,Genderqueer
238,Mil,Hattigan,mhattigan6l@over-blog.com,Genderqueer
239,Grier,Trevallion,gtrevallion6m@usa.gov,Bigender
240,Meara,O'Codihie,mocodihie6n@globo.com,Genderqueer
241,Fraser,Alenov,falenov6o@skyrock.com,Male
242,Standford,Hammer,shammer6p@surveymonkey.com,Male
243,Gretel,Coning,gconing6q@google.it,Female
244,Klarika,Kirkby,kkirkby6r@angelfire.com,Female
245,Aretha,Caldeyroux,acaldeyroux6s@exblog.jp,Female
246,Tuck,Widdocks,twiddocks6t@google.com.au,Bigender
247,Noll,Moneti,nmoneti6u@dmoz.org,Agender
248,Tonnie,Chilcott,tchilcott6v@ovh.net,Male
249,Ranee,Whyard,rwhyard6w@usgs.gov,Female
250,Delcine,Skeen,dskeen6x@ibm.com,Female
251,Ardyce,Fryatt,afryatt6y@mapquest.com,Female
252,Dianemarie,Geggus,dgeggus6z@dion.ne.jp,Female
253,Davine,Garnsworthy,dgarnsworthy70@google.fr,Female
254,Hallsy,Alen,halen71@clickbank.net,Male
255,Felipe,Mussett,fmussett72@yellowbook.com,Male
256,Gabriella,Llopis,gllopis73@etsy.com,Female
257,Harriott,Best,hbest74@wordpress.org,Genderqueer
258,Freemon,Simkiss,fsimkiss75@domainmarket.com,Male
259,Ninnette,Burlingham,nburlingham76@biglobe.ne.jp,Female
260,Cristionna,Filoniere,cfiloniere77@free.fr,Female
261,Cammy,Twamley,ctwamley78@bloglines.com,Male
262,Rozamond,Sivell,rsivell79@guardian.co.uk,Female
263,Ahmad,Farnon,afarnon7a@woothemes.com,Male
264,Nickolaus,Primarolo,nprimarolo7b@w3.org,Male
265,Terri-jo,Sutherel,tsutherel7c@nba.com,Female
266,Alexandro,Sproul,asproul7d@sun.com,Male
267,Elihu,Josephs,ejosephs7e@europa.eu,Male
268,Philis,Fredi,pfredi7f@google.it,Female
269,Sollie,Stansfield,sstansfield7g@state.tx.us,Male
270,Darren,Quinnette,dquinnette7h@wordpress.com,Male
271,Tristam,Esselen,tesselen7i@psu.edu,Male
272,Davide,Renzo,drenzo7j@goo.gl,Male
273,Olimpia,Axford,oaxford7k@twitpic.com,Female
274,Sheela,Bosman,sbosman7l@buzzfeed.com,Female
275,Gale,Bloomfield,gbloomfield7m@meetup.com,Male
276,Shawn,Belhome,sbelhome7n@independent.co.uk,Female
277,Jori,Drakes,jdrakes7o@msu.edu,Female
278,Arielle,Tague,atague7p@parallels.com,Female
279,Mac,Lortz,mlortz7q@fema.gov,Male
280,Shayna,Tixall,stixall7r@rediff.com,Female
281,Clemmy,Liddel,cliddel7s@mashable.com,Male
282,Ethelin,Sheldon,esheldon7t@ucoz.ru,Female
283,Christin,Swales,cswales7u@slideshare.net,Female
284,Karlene,Cowerd,kcowerd7v@nba.com,Female
285,Carry,Riply,criply7w@chron.com,Female
286,Reyna,Rooke,rrooke7x@slashdot.org,Female
287,Tristam,Aymerich,taymerich7y@forbes.com,Male
288,Berky,McDaid,bmcdaid7z@wikia.com,Non-binary
289,Gretel,Arpino,garpino80@vimeo.com,Female
290,Coriss,MacHarg,cmacharg81@utexas.edu,Female
291,Tally,Kellog,tkellog82@netscape.com,Female
292,Dukey,Kamall,dkamall83@barnesandnoble.com,Male
293,Zorina,Sharper,zsharper84@auda.org.au,Female
294,Crichton,Fontaine,cfontaine85@omniture.com,Bigender
295,Ilyse,Koene,ikoene86@qq.com,Female
296,Harold,Flett,hflett87@miitbeian.gov.cn,Agender
297,Creighton,Bickley,cbickley88@virginia.edu,Male
298,Melisandra,Rickerd,mrickerd89@nih.gov,Female
299,Dwain,Valder,dvalder8a@ameblo.jp,Male
300,Sigismund,McRill,smcrill8b@dropbox.com,Male
301,Egan,Shearwood,eshearwood8c@pinterest.com,Male
302,Lyndsie,Rentelll,lrentelll8d@php.net,Female
303,Mackenzie,Govern,mgovern8e@tamu.edu,Male
304,Price,Burtt,pburtt8f@flickr.com,Male
305,Rosemary,Ayrton,rayrton8g@netscape.com,Female
306,Dela,Alenikov,dalenikov8h@pbs.org,Female
307,Isabel,Gobeaux,igobeaux8i@discuz.net,Female
308,Jareb,Chilvers,jchilvers8j@macromedia.com,Male
309,Ivan,Loads,iloads8k@tinyurl.com,Male
310,Bert,Levane,blevane8l@seesaa.net,Polygender
311,Vivianna,Cuppleditch,vcuppleditch8m@dot.gov,Genderqueer
312,Vance,Bertelsen,vbertelsen8n@flavors.me,Male
313,Ann,Leavens,aleavens8o@google.co.uk,Genderfluid
314,Jeannine,Hamal,jhamal8p@tmall.com,Female
315,Gregoor,Dudding,gdudding8q@unblog.fr,Male
316,Mariann,McLise,mmclise8r@1und1.de,Female
317,Robenia,Simm,rsimm8s@ifeng.com,Female
318,Vonni,Maplestone,vmaplestone8t@weibo.com,Female
319,Aron,Hawson,ahawson8u@freewebs.com,Male
320,Worth,Martinovsky,wmartinovsky8v@plala.or.jp,Male
321,Ezequiel,Norman,enorman8w@google.ru,Male
322,Eleanor,Moyles,emoyles8x@ebay.co.uk,Female
323,Dacie,Instrell,dinstrell8y@scribd.com,Female
324,Daniel,Eaden,deaden8z@sun.com,Male
325,Terrill,Tytcomb,ttytcomb90@taobao.com,Male
326,Caesar,Overill,coverill91@mapy.cz,Male
327,Rutherford,Deschlein,rdeschlein92@google.it,Genderqueer
328,Ninette,Coker,ncoker93@google.fr,Female
329,Elonore,Ding,eding94@merriam-webster.com,Female
330,Delmar,Legh,dlegh95@forbes.com,Male
331,Tatum,Petrasso,tpetrasso96@sciencedaily.com,Female
332,Sheree,Kidwell,skidwell97@constantcontact.com,Female
333,Gay,Brockest,gbrockest98@netvibes.com,Female
334,Arch,Jameson,ajameson99@wiley.com,Male
335,Earl,Butterly,ebutterly9a@walmart.com,Male
336,Gregorius,Ramas,gramas9b@posterous.com,Male
337,Abrahan,McAviy,amcaviy9c@multiply.com,Male
338,Richie,Taffarello,rtaffarello9d@youtu.be,Male
339,Eddy,Da Costa,edacosta9e@goodreads.com,Male
340,Farrell,Mixon,fmixon9f@unesco.org,Male
341,Pepito,Caswell,pcaswell9g@dailymail.co.uk,Male
342,Pierce,Brimson,pbrimson9h@g.co,Male
343,Stirling,Bennington,sbennington9i@bing.com,Male
344,Thorstein,Tomovic,ttomovic9j@toplist.cz,Genderqueer
345,Forster,Scarf,fscarf9k@netlog.com,Male
346,Arnoldo,Blakden,ablakden9l@amazon.co.uk,Male
347,Des,Tripney,dtripney9m@people.com.cn,Male
348,Catlee,Dinsey,cdinsey9n@ed.gov,Female
349,Barr,Ellerbeck,bellerbeck9o@home.pl,Male
350,Nichols,Renahan,nrenahan9p@free.fr,Male
351,Delano,Lorryman,dlorryman9q@eepurl.com,Male
352,Glenna,Dymott,gdymott9r@histats.com,Female
353,Garland,Lehrmann,glehrmann9s@sciencedirect.com,Female
354,Cassius,Rippin,crippin9t@yolasite.com,Male
355,Charo,Durban,cdurban9u@amazonaws.com,Female
356,Domingo,Tours,dtours9v@alexa.com,Male
357,Christine,Kaming,ckaming9w@diigo.com,Female
358,Waylen,Cadlock,wcadlock9x@elpais.com,Male
359,Diena,Cristoforo,dcristoforo9y@scientificamerican.com,Female
360,Paige,McKillop,pmckillop9z@zimbio.com,Female
361,Elisabeth,McGuckin,emcguckina0@ox.ac.uk,Female
362,Ichabod,Jacqueminet,ijacquemineta1@ezinearticles.com,Male
363,Hayyim,Baker,hbakera2@sitemeter.com,Male
364,Georgeanne,Burdis,gburdisa3@psu.edu,Female
365,Cchaddie,Henningham,chenninghama4@noaa.gov,Male
366,Darryl,Abramowitz,dabramowitza5@vk.com,Female
367,Massimiliano,Branthwaite,mbranthwaitea6@webeden.co.uk,Male
368,Drake,Kemmons,dkemmonsa7@facebook.com,Male
369,Sheelagh,McGrann,smcgranna8@nyu.edu,Female
370,Franchot,McDavitt,fmcdavitta9@seesaa.net,Non-binary
371,Feliza,Fittis,ffittisaa@dion.ne.jp,Female
372,Huntington,Aubri,haubriab@discovery.com,Male
373,Zebedee,Gregol,zgregolac@goo.gl,Genderfluid
374,Russell,Spriggs,rspriggsad@newyorker.com,Male
375,Burnard,McNeilly,bmcneillyae@kickstarter.com,Male
376,Shaun,Vischi,svischiaf@apple.com,Male
377,Brigg,Kirkland,bkirklandag@github.com,Male
378,Eirena,Kinnier,ekinnierah@51.la,Female
379,Bondon,Van der Son,bvandersonai@gov.uk,Male
380,Rachael,Sulman,rsulmanaj@arizona.edu,Female
381,Eloise,Austick,eaustickak@people.com.cn,Female
382,Paco,Eastwood,peastwoodal@networksolutions.com,Male
383,Pammy,Wootton,pwoottonam@ifeng.com,Female
384,Adelice,Cornew,acornewan@google.co.jp,Female
385,Heindrick,Rispine,hrispineao@reference.com,Polygender
386,Shandee,Glennon,sglennonap@jiathis.com,Female
387,Anatola,Britney,abritneyaq@about.me,Female
388,Hadley,Schrader,hschraderar@paginegialle.it,Male
389,Elise,Sowerby,esowerbyas@yandex.ru,Female
390,Christophorus,Slobom,cslobomat@about.com,Male
391,Pearl,Fleeming,pfleemingau@walmart.com,Female
392,Cozmo,Slaughter,cslaughterav@blinklist.com,Male
393,Gualterio,Jean,gjeanaw@baidu.com,Male
394,Rey,Dunne,rdunneax@livejournal.com,Female
395,Marlow,Jays,mjaysay@yelp.com,Male
396,Abner,Macrae,amacraeaz@harvard.edu,Male
397,Jenni,Philpot,jphilpotb0@prlog.org,Female
398,Sheeree,Uppett,suppettb1@bbc.co.uk,Female
399,Gavrielle,Reddle,greddleb2@epa.gov,Female
400,Solomon,Kleanthous,skleanthousb3@state.tx.us,Genderfluid
401,Malcolm,Wederell,mwederellb4@paginegialle.it,Male
402,Bram,Khomishin,bkhomishinb5@toplist.cz,Male
403,Garner,Schafer,gschaferb6@mapquest.com,Male
404,Jayme,Whittlesee,jwhittleseeb7@reverbnation.com,Male
405,Vite,Crohan,vcrohanb8@ycombinator.com,Male
406,Irwin,Copping,icoppingb9@wordpress.com,Male
407,Grier,McLeese,gmcleeseba@ebay.com,Female
408,Ginni,Tuley,gtuleybb@miitbeian.gov.cn,Female
409,Judas,Savins,jsavinsbc@reference.com,Male
410,Giffy,Gosland,ggoslandbd@webmd.com,Male
411,Clarke,Hudd,chuddbe@zdnet.com,Male
412,Darin,Terrans,dterransbf@utexas.edu,Male
413,Doralin,Macklin,dmacklinbg@flavors.me,Agender
414,Calley,Castellet,ccastelletbh@bloglovin.com,Female
415,Dido,Laffling,dlafflingbi@washington.edu,Female
416,Daryle,Monshall,dmonshallbj@myspace.com,Male
417,Monti,Spillard,mspillardbk@telegraph.co.uk,Male
418,Kelci,Pymer,kpymerbl@privacy.gov.au,Female
419,Enrico,Rosell,erosellbm@odnoklassniki.ru,Male
420,Xenia,Mitchenson,xmitchensonbn@csmonitor.com,Female
421,Hervey,Klimowicz,hklimowiczbo@delicious.com,Male
422,Kenyon,Batten,kbattenbp@icio.us,Male
423,Valene,Boughton,vboughtonbq@github.io,Female
424,Brianne,Triggle,btrigglebr@oracle.com,Female
425,Dan,Dufoure,ddufourebs@umich.edu,Male
426,Teddie,Mulholland,tmulhollandbt@wunderground.com,Male
427,Johnnie,Muldoon,jmuldoonbu@yahoo.co.jp,Male
428,Vitoria,Gittoes,vgittoesbv@quantcast.com,Female
429,Sayer,Bonham,sbonhambw@tuttocitta.it,Male
430,Sheilah,Liggens,sliggensbx@newyorker.com,Female
431,Rakel,Alessandrelli,ralessandrelliby@blogspot.com,Polygender
432,Mikol,Baterip,mbateripbz@quantcast.com,Male
433,Moll,Lochead,mlocheadc0@last.fm,Female
434,Timothy,Davydzenko,tdavydzenkoc1@cbslocal.com,Male
435,Yovonnda,Paraman,yparamanc2@blog.com,Female
436,Tye,Epinoy,tepinoyc3@altervista.org,Male
437,Briny,Gosford,bgosfordc4@rediff.com,Female
438,Rick,Beane,rbeanec5@themeforest.net,Male
439,Elia,Haizelden,ehaizeldenc6@fastcompany.com,Male
440,Jess,Minihan,jminihanc7@naver.com,Male
441,Jerrie,Ketteman,jkettemanc8@rakuten.co.jp,Female
442,Joletta,Van Hove,jvanhovec9@sourceforge.net,Female
443,Cirstoforo,Vernalls,cvernallsca@issuu.com,Male
444,Jerrome,Iacofo,jiacofocb@opensource.org,Male
445,Rozalin,Samsworth,rsamsworthcc@list-manage.com,Female
446,Eddie,Hinchshaw,ehinchshawcd@independent.co.uk,Polygender
447,Rutter,O'Lunney,rolunneyce@paginegialle.it,Male
448,Elvis,Mowen,emowencf@cbc.ca,Male
449,Brigham,Novkovic,bnovkoviccg@cmu.edu,Male
450,Maggee,Evequot,mevequotch@storify.com,Female
451,Elvin,Callam,ecallamci@w3.org,Male
452,Marthe,Stain,mstaincj@cdc.gov,Genderfluid
453,Barnaby,Rubert,brubertck@youtube.com,Male
454,Em,Trenbay,etrenbaycl@aol.com,Female
455,Richy,Walls,rwallscm@elegantthemes.com,Male
456,Philomena,Jacob,pjacobcn@geocities.jp,Female
457,Adriana,Prettyjohn,aprettyjohnco@tumblr.com,Female
458,Bobby,Dahlborg,bdahlborgcp@sakura.ne.jp,Female
459,Muire,Sobtka,msobtkacq@reuters.com,Female
460,Arther,Lillow,alillowcr@unicef.org,Male
461,Alessandra,Esselen,aesselencs@ihg.com,Female
462,Marti,Bottle,mbottlect@paypal.com,Female
463,Luciana,Thomen,lthomencu@newsvine.com,Female
464,Miguel,Leacock,mleacockcv@about.com,Male
465,Heriberto,Tobin,htobincw@npr.org,Male
466,Fredra,Richardes,frichardescx@dagondesign.com,Female
467,Rosalynd,Jervoise,rjervoisecy@unc.edu,Female
468,Abran,Jacqueminet,ajacqueminetcz@1688.com,Male
469,Margaretha,Bess,mbessd0@ibm.com,Female
470,Randene,Zanardii,rzanardiid1@pbs.org,Female
471,Kamillah,Dymott,kdymottd2@marriott.com,Female
472,Sydney,Grishaev,sgrishaevd3@tiny.cc,Female
473,Octavius,Degue,odegued4@freewebs.com,Male
474,Stavro,Levy,slevyd5@nifty.com,Male
475,Robinet,Stitfall,rstitfalld6@themeforest.net,Male
476,Berkley,Arthan,barthand7@joomla.org,Male
477,Keriann,Scud,kscudd8@wisc.edu,Polygender
478,Melisandra,Dranfield,mdranfieldd9@nba.com,Bigender
479,Bettina,Chomicki,bchomickida@topsy.com,Female
480,Calhoun,Swinerd,cswinerddb@squidoo.com,Male
481,Nikoletta,Brikner,nbriknerdc@timesonline.co.uk,Genderfluid
482,Giulietta,Tytcomb,gtytcombdd@psu.edu,Agender
483,Sterne,Eallis,seallisde@gnu.org,Male
484,Felicdad,Greveson,fgrevesondf@homestead.com,Female
485,Yvon,Songist,ysongistdg@yahoo.co.jp,Male
486,Winonah,Stein,wsteindh@seattletimes.com,Female
487,Seumas,Stockall,sstockalldi@cnbc.com,Male
488,Hanny,Madrell,hmadrelldj@seesaa.net,Female
489,Worthington,Rykert,wrykertdk@engadget.com,Male
490,Demetris,Whitcomb,dwhitcombdl@cocolog-nifty.com,Male
491,Odille,Kinver,okinverdm@clickbank.net,Female
492,Essa,Wase,ewasedn@tmall.com,Female
493,Dawna,Cudmore,dcudmoredo@mayoclinic.com,Female
494,Hugues,Pescod,hpescoddp@ehow.com,Male
495,Freda,MacDirmid,fmacdirmiddq@scribd.com,Female
496,Gerhardt,Nehl,gnehldr@squarespace.com,Male
497,Hector,Althrop,halthropds@networksolutions.com,Male
498,Trumaine,Poznanski,tpoznanskidt@theguardian.com,Male
499,Barr,Blunsden,bblunsdendu@tamu.edu,Male
500,Harrison,Venny,hvennydv@ebay.com,Male
501,Mina,Dubbin,mdubbindw@gravatar.com,Agender
502,Julissa,Pilipets,jpilipetsdx@gnu.org,Agender
503,Gabriell,Willey,gwilleydy@icio.us,Female
504,Ciro,Scutchings,cscutchingsdz@goodreads.com,Male
505,Matthias,Margerrison,mmargerrisone0@loc.gov,Polygender
506,Thadeus,McInally,tmcinallye1@forbes.com,Male
507,Corine,Ovenden,covendene2@blogs.com,Female
508,Jaclyn,Mattimoe,jmattimoee3@cbsnews.com,Female
509,Kanya,Beakes,kbeakese4@unblog.fr,Female
510,Beryle,Frier,bfriere5@freewebs.com,Female
511,Kerianne,Stockau,kstockaue6@howstuffworks.com,Female
512,Berna,Clemendot,bclemendote7@hugedomains.com,Female
513,Coleen,Grindrod,cgrindrode8@arizona.edu,Female
514,Maddy,Dunthorne,mdunthornee9@arizona.edu,Female
515,Margery,Arnason,marnasonea@edublogs.org,Female
516,Iain,Winn,iwinneb@npr.org,Male
517,Nisse,Rabson,nrabsonec@macromedia.com,Female
518,Saunders,Fuxman,sfuxmaned@delicious.com,Male
519,Thurstan,McNulty,tmcnultyee@deliciousdays.com,Male
520,Lou,Dwelley,ldwelleyef@trellian.com,Male
521,Lonny,McTrusty,lmctrustyeg@smugmug.com,Male
522,Lanny,Rafter,lraftereh@mit.edu,Female
523,Ritchie,McHale,rmchaleei@bloglines.com,Male
524,Melosa,Horsefield,mhorsefieldej@studiopress.com,Female
525,Marinna,Sullens,msullensek@washingtonpost.com,Female
526,Stephen,Milbourn,smilbournel@photobucket.com,Genderfluid
527,Ardyce,Korlat,akorlatem@bloglovin.com,Female
528,Imogen,Files,ifilesen@bloglovin.com,Female
529,Louis,Torbett,ltorbetteo@google.ca,Male
530,Onofredo,Kilduff,okilduffep@skyrock.com,Male
531,Aleta,Gaize,agaizeeq@yellowbook.com,Female
532,Maxim,Kynoch,mkynocher@nationalgeographic.com,Male
533,Elsi,De Vries,edevrieses@indiegogo.com,Female
534,Augustus,Clitheroe,aclitheroeet@imdb.com,Male
535,Dallas,Benton,dbentoneu@zdnet.com,Female
536,Ellswerth,Agerskow,eagerskowev@elegantthemes.com,Male
537,Brunhilda,Connick,bconnickew@naver.com,Female
538,Julius,Apfelmann,japfelmannex@deviantart.com,Male
539,Shelley,Poag,spoagey@arizona.edu,Female
540,Michal,Balasini,mbalasiniez@unblog.fr,Male
541,Krishnah,Riggoll,kriggollf0@friendfeed.com,Male
542,Fran,Proven,fprovenf1@gravatar.com,Male
543,Valentino,Rontree,vrontreef2@salon.com,Male
544,Janeen,Cowterd,jcowterdf3@nifty.com,Female
545,Karlotte,Jarley,kjarleyf4@soup.io,Female
546,Etienne,Bernlin,ebernlinf5@behance.net,Male
547,Arch,Burstow,aburstowf6@wunderground.com,Male
548,Mischa,Penn,mpennf7@loc.gov,Male
549,Dov,Crufts,dcruftsf8@amazon.de,Male
550,Leigh,Cleyne,lcleynef9@bloomberg.com,Female
551,Traver,Eddowes,teddowesfa@mysql.com,Male
552,Reg,Blowick,rblowickfb@state.tx.us,Male
553,Josy,Blaw,jblawfc@ebay.co.uk,Female
554,Isidore,Babidge,ibabidgefd@bluehost.com,Male
555,Percy,Lazenbury,plazenburyfe@dagondesign.com,Male
556,Lyndy,Penswick,lpenswickff@rakuten.co.jp,Female
557,Redford,Skarr,rskarrfg@icio.us,Male
558,Viva,Kaes,vkaesfh@dot.gov,Female
559,Murial,Keinrat,mkeinratfi@163.com,Female
560,Sula,Ruston,srustonfj@vistaprint.com,Female
561,Connie,Gilling,cgillingfk@bloglines.com,Female
562,Rodie,Snelson,rsnelsonfl@reverbnation.com,Female
563,Orlando,Okie,ookiefm@tinyurl.com,Male
564,Rand,Goudard,rgoudardfn@domainmarket.com,Male
565,Lindie,Maffioni,lmaffionifo@so-net.ne.jp,Female
566,Lonee,Vasilchenko,lvasilchenkofp@infoseek.co.jp,Female
567,Cookie,Greneham,cgrenehamfq@cyberchimps.com,Non-binary
568,Gwendolyn,Dougal,gdougalfr@webs.com,Agender
569,Duffie,Schwand,dschwandfs@rediff.com,Male
570,Lurline,Treharne,ltreharneft@multiply.com,Female
571,Willem,Goodier,wgoodierfu@who.int,Non-binary
572,Fredelia,Gowdie,fgowdiefv@pinterest.com,Female
573,Filmer,Ginnaly,fginnalyfw@howstuffworks.com,Male
574,Randall,Jehan,rjehanfx@google.nl,Male
575,Alethea,De Beauchamp,adebeauchampfy@canalblog.com,Polygender
576,Iosep,Heffernon,iheffernonfz@deliciousdays.com,Genderqueer
577,Micky,Wison,mwisong0@washingtonpost.com,Male
578,Marj,Ruppelin,mruppeling1@so-net.ne.jp,Female
579,Mona,Guyers,mguyersg2@ezinearticles.com,Female
580,Mirabella,Gabriel,mgabrielg3@tripadvisor.com,Female
581,Ag,Novik,anovikg4@opera.com,Female
582,Cacilia,Legan,clegang5@lulu.com,Female
583,Roselin,Whyteman,rwhytemang6@networksolutions.com,Female
584,Liva,Redmile,lredmileg7@aol.com,Female
585,Carmela,Biaggiotti,cbiaggiottig8@yahoo.co.jp,Female
586,Lolita,Fanshaw,lfanshawg9@berkeley.edu,Female
587,Truman,McKinley,tmckinleyga@jigsy.com,Male
588,Nata,Floris,nflorisgb@tuttocitta.it,Female
589,Jade,Titcumb,jtitcumbgc@loc.gov,Female
590,Luciana,Fealey,lfealeygd@artisteer.com,Female
591,Tonnie,Abrahmson,tabrahmsonge@marriott.com,Non-binary
592,Peirce,Fountain,pfountaingf@weibo.com,Male
593,Cacilia,Muriel,cmurielgg@ibm.com,Female
594,Viviene,Alliot,valliotgh@dailymotion.com,Female
595,Jefferson,Kimmings,jkimmingsgi@biglobe.ne.jp,Polygender
596,Raddy,Bewshea,rbewsheagj@wiley.com,Male
597,Mikel,Vost,mvostgk@amazon.com,Male
598,Dodi,Tarpey,dtarpeygl@spiegel.de,Female
599,Dulci,Scrancher,dscranchergm@artisteer.com,Female
600,Seana,Sainer,ssainergn@wix.com,Female
601,Dolli,Thompson,dthompsongo@devhub.com,Female
602,Dorothea,Accum,daccumgp@comsenz.com,Female
603,Melanie,Pickford,mpickfordgq@gov.uk,Female
604,Emelina,Johanchon,ejohanchongr@ocn.ne.jp,Female
605,Ileane,Blamire,iblamiregs@icq.com,Female
606,Thorpe,Perelli,tperelligt@meetup.com,Male
607,Marlo,Gueinn,mgueinngu@blogtalkradio.com,Female
608,Kailey,Cockling,kcocklinggv@wp.com,Bigender
609,Gerrard,Begley,gbegleygw@hibu.com,Agender
610,Kirby,Hartropp,khartroppgx@utexas.edu,Female
611,Brigitte,Howett,bhowettgy@desdev.cn,Female
612,Julio,Seabridge,jseabridgegz@delicious.com,Male
613,Torey,Spillman,tspillmanh0@wix.com,Male
614,Scarlet,Moro,smoroh1@geocities.com,Female
615,Lon,McMeanma,lmcmeanmah2@163.com,Male
616,Hubert,Schuster,hschusterh3@fc2.com,Male
617,Dianne,Lunk,dlunkh4@a8.net,Female
618,Rab,Leap,rleaph5@berkeley.edu,Male
619,Ky,Eliassen,keliassenh6@technorati.com,Male
620,Webb,Francesco,wfrancescoh7@elpais.com,Male
621,Vladamir,O'Corrane,vocorraneh8@fastcompany.com,Male
622,Dian,Tregido,dtregidoh9@ca.gov,Female
623,Vittorio,Barnish,vbarnishha@oracle.com,Male
624,Desi,de Quesne,ddequesnehb@issuu.com,Male
625,Joyann,Berrick,jberrickhc@i2i.jp,Female
626,Eartha,Kimmins,ekimminshd@prweb.com,Female
627,Lamond,Vango,lvangohe@bloglines.com,Male
628,Kellyann,Burstowe,kburstowehf@zdnet.com,Female
629,Felipe,Tudhope,ftudhopehg@weibo.com,Male
630,Ana,Myles,amyleshh@slideshare.net,Female
631,Courtney,Try,ctryhi@ed.gov,Male
632,Nicky,Walewicz,nwalewiczhj@columbia.edu,Female
633,Honey,Dunkley,hdunkleyhk@ucsd.edu,Female
634,Sharia,Valenta,svalentahl@netscape.com,Female
635,Mortie,Bambrough,mbambroughhm@fc2.com,Male
636,Curr,Petruska,cpetruskahn@homestead.com,Male
637,Chancey,Ungaretti,cungarettiho@google.co.jp,Male
638,Eduardo,Reidie,ereidiehp@privacy.gov.au,Male
639,Burty,Chaudron,bchaudronhq@skype.com,Male
640,Paquito,Jellico,pjellicohr@artisteer.com,Male
641,Forrester,Keough,fkeoughhs@feedburner.com,Male
642,Micheil,Node,mnodeht@reuters.com,Male
643,Libbi,Bartholomew,lbartholomewhu@qq.com,Female
644,Abagael,Litterick,alitterickhv@fc2.com,Genderfluid
645,Katharyn,Kunc,kkunchw@fema.gov,Female
646,Rowan,Minchin,rminchinhx@lycos.com,Male
647,Biddie,Ayerst,bayersthy@goo.gl,Female
648,Base,Muggeridge,bmuggeridgehz@weibo.com,Male
649,Erroll,Cottie,ecottiei0@netscape.com,Male
650,Mortie,Gurnett,mgurnetti1@imgur.com,Male
651,Lionello,Crotch,lcrotchi2@techcrunch.com,Male
652,Annora,Turmel,aturmeli3@hud.gov,Female
653,Brantley,Helliar,bhelliari4@google.com.br,Male
654,Reggy,Drysdell,rdrysdelli5@hibu.com,Male
655,Cecilla,Crowden,ccrowdeni6@washington.edu,Female
656,Adella,Pagen,apageni7@tinypic.com,Female
657,Emilio,Druhan,edruhani8@ibm.com,Male
658,Tudor,Kimblen,tkimbleni9@1und1.de,Male
659,Hobie,Quarterman,hquartermania@cisco.com,Male
660,Jamie,De Maine,jdemaineib@wufoo.com,Female
661,Drucill,Harverson,dharversonic@bloomberg.com,Female
662,Martguerita,Kenealy,mkenealyid@cargocollective.com,Female
663,Grove,Ingman,gingmanie@skype.com,Male
664,Kingsly,McNeachtain,kmcneachtainif@goo.ne.jp,Male
665,Melly,Ryce,mryceig@usa.gov,Female
666,Jo-ann,Charrisson,jcharrissonih@cdc.gov,Female
667,Richart,Louth,rlouthii@go.com,Male
668,Lionello,Waulker,lwaulkerij@state.tx.us,Male
669,Jesselyn,Hearn,jhearnik@e-recht24.de,Female
670,Abram,Sneller,asnelleril@hubpages.com,Male
671,Kalli,Cahillane,kcahillaneim@tinyurl.com,Female
672,Bobbie,Napoleone,bnapoleonein@rambler.ru,Male
673,Byran,Le Brum,blebrumio@irs.gov,Male
674,Gretna,Grigoriscu,ggrigoriscuip@vk.com,Female
675,Luke,Valadez,lvaladeziq@google.com.hk,Male
676,Linnet,Merrell,lmerrellir@cnbc.com,Female
677,Frances,Hinkes,fhinkesis@usgs.gov,Female
678,Omar,Smalman,osmalmanit@nytimes.com,Male
679,Myron,Soughton,msoughtoniu@biglobe.ne.jp,Male
680,Catina,Lilburne,clilburneiv@nydailynews.com,Female
681,Archibaldo,Shrigley,ashrigleyiw@gmpg.org,Male
682,Marv,Heinzler,mheinzlerix@macromedia.com,Male
683,Aymer,Goodier,agoodieriy@go.com,Male
684,Consuelo,Hammett,chammettiz@mlb.com,Non-binary
685,Madelle,Oakley,moakleyj0@goo.ne.jp,Non-binary
686,Chris,Pasque,cpasquej1@taobao.com,Bigender
687,Brody,Froom,bfroomj2@vimeo.com,Male
688,Gilburt,Standingford,gstandingfordj3@example.com,Male
689,Malory,Parriss,mparrissj4@ucoz.com,Female
690,Jan,Tacon,jtaconj5@typepad.com,Female
691,Stephanus,Pimmocke,spimmockej6@independent.co.uk,Male
692,Ephrem,Rennick,erennickj7@gnu.org,Male
693,Pierre,Swinley,pswinleyj8@uol.com.br,Male
694,Mufinella,Percy,mpercyj9@hexun.com,Female
695,Gil,Stute,gstuteja@booking.com,Male
696,Morty,Rodenborch,mrodenborchjb@theguardian.com,Male
697,Madel,Devanny,mdevannyjc@google.com.au,Genderqueer
698,Nikola,Faint,nfaintjd@hubpages.com,Male
699,Bale,Izatt,bizattje@smugmug.com,Male
700,Nahum,Ikringill,nikringilljf@deviantart.com,Male
701,Coriss,Issett,cissettjg@feedburner.com,Female
702,Grenville,Reinhard,greinhardjh@bing.com,Male
703,Stephine,Thurgood,sthurgoodji@jugem.jp,Female
704,Haley,Daltry,hdaltryjj@joomla.org,Female
705,Julie,Noury,jnouryjk@nsw.gov.au,Female
706,Keslie,Gilardone,kgilardonejl@rambler.ru,Female
707,Cash,Lindenblatt,clindenblattjm@arstechnica.com,Male
708,Walden,Burston,wburstonjn@istockphoto.com,Male
709,Elijah,Halshaw,ehalshawjo@mlb.com,Male
710,Phillida,Arnaudot,parnaudotjp@livejournal.com,Female
711,Bobbye,Schlagtmans,bschlagtmansjq@google.cn,Female
712,Georgeanna,Proschek,gproschekjr@mediafire.com,Female
713,Dominik,Paulsen,dpaulsenjs@virginia.edu,Male
714,Somerset,Whodcoat,swhodcoatjt@google.com.hk,Male
715,Cristina,Scarf,cscarfju@cdbaby.com,Female
716,Esta,Ready,ereadyjv@printfriendly.com,Female
717,Karlens,Bullon,kbullonjw@friendfeed.com,Male
718,Talbot,Trenear,ttrenearjx@vinaora.com,Male
719,Gerda,Coning,gconingjy@hp.com,Female
720,Tedra,Cumpsty,tcumpstyjz@slideshare.net,Genderfluid
721,Lacey,Mahon,lmahonk0@cnn.com,Female
722,Jerome,Clift,jcliftk1@illinois.edu,Male
723,Geralda,Olivetti,golivettik2@delicious.com,Female
724,Elia,Jennaway,ejennawayk3@webs.com,Genderfluid
725,Margy,Leivesley,mleivesleyk4@netvibes.com,Female
726,Alberta,Folley,afolleyk5@amazon.co.uk,Female
727,Francyne,Lyddyard,flyddyardk6@woothemes.com,Female
728,Denna,Ockland,docklandk7@umich.edu,Female
729,Bella,Stiven,bstivenk8@cpanel.net,Female
730,Miner,Heskey,mheskeyk9@si.edu,Male
731,Karlen,Hackford,khackfordka@skype.com,Female
732,Erl,Martusov,emartusovkb@oakley.com,Male
733,Ambrosi,Coatsworth,acoatsworthkc@youtu.be,Male
734,Parrnell,Girauld,pgirauldkd@constantcontact.com,Male
735,Reg,Mossdale,rmossdaleke@dell.com,Male
736,Leon,Sivier,lsivierkf@addthis.com,Male
737,Jethro,Benyon,jbenyonkg@tmall.com,Male
738,Bernette,Ruffler,brufflerkh@scribd.com,Female
739,Sindee,Flaubert,sflaubertki@seesaa.net,Female
740,Jamey,Somner,jsomnerkj@about.com,Male
741,Jonis,Rubenovic,jrubenovickk@edublogs.org,Female
742,Kit,Hirthe,khirthekl@newsvine.com,Female
743,Ashleigh,Poure,apourekm@weather.com,Female
744,Merci,Petchey,mpetcheykn@washingtonpost.com,Female
745,Tana,Karim,tkarimko@skyrock.com,Agender
746,Keriann,Ellershaw,kellershawkp@mit.edu,Female
747,Susette,Dumini,sduminikq@gmpg.org,Female
748,Urbanus,Zarfat,uzarfatkr@japanpost.jp,Male
749,Gaspard,Horsell,ghorsellks@xrea.com,Male
750,Chevy,Woollam,cwoollamkt@alibaba.com,Male
751,Cam,Hubbocks,chubbocksku@behance.net,Female
752,Reinold,Sones,rsoneskv@nationalgeographic.com,Male
753,Drusilla,Aggas,daggaskw@gizmodo.com,Female
754,Granville,Taggart,gtaggartkx@pagesperso-orange.fr,Male
755,Berte,Aird,bairdky@cargocollective.com,Female
756,Cynthie,Garside,cgarsidekz@apple.com,Female
757,Tina,Haswell,thaswelll0@goodreads.com,Non-binary
758,Nataniel,Tiltman,ntiltmanl1@quantcast.com,Male
759,Rab,Linstead,rlinsteadl2@timesonline.co.uk,Non-binary
760,Vitia,Alenichev,valenichevl3@omniture.com,Female
761,Homerus,Dongate,hdongatel4@howstuffworks.com,Male
762,Ferrell,Praundl,fpraundll5@hugedomains.com,Male
763,Marcile,Georgi,mgeorgil6@networksolutions.com,Female
764,Mada,Padmore,mpadmorel7@uiuc.edu,Female
765,Obadiah,Bevis,obevisl8@hhs.gov,Male
766,Erwin,Pes,epesl9@weibo.com,Male
767,Myrtie,Killelay,mkillelayla@wikimedia.org,Female
768,Fernando,Niccolls,fniccollslb@hubpages.com,Male
769,Fabian,Bletcher,fbletcherlc@chron.com,Male
770,Faina,Feifer,ffeiferld@google.ca,Female
771,Becka,Dinkin,bdinkinle@seattletimes.com,Genderqueer
772,Nelly,McLaren,nmclarenlf@oracle.com,Female
773,Boot,Stannas,bstannaslg@webs.com,Male
774,Iormina,Gingell,igingelllh@vk.com,Bigender
775,Eba,Higgan,ehigganli@canalblog.com,Female
776,Lenora,Harradine,lharradinelj@usa.gov,Female
777,Sibilla,Lloyd-Williams,slloydwilliamslk@facebook.com,Female
778,Prentice,Struis,pstruisll@weibo.com,Male
779,Noelani,Cradock,ncradocklm@topsy.com,Female
780,Alfonso,Dow,adowln@reference.com,Male
781,Dorine,Assel,dassello@reverbnation.com,Female
782,Carolan,Massingham,cmassinghamlp@loc.gov,Female
783,August,Straine,astrainelq@marketwatch.com,Male
784,Bunny,Flea,bflealr@fda.gov,Female
785,Anabella,Cuddehay,acuddehayls@msn.com,Female
786,Reynard,Draijer,rdraijerlt@phpbb.com,Male
787,Tabatha,Gethings,tgethingslu@dagondesign.com,Agender
788,Mick,Bulmer,mbulmerlv@fastcompany.com,Male
789,Monah,Scherer,mschererlw@apple.com,Female
790,Kessia,Kobera,kkoberalx@narod.ru,Female
791,Milton,Wattingham,mwattinghamly@mozilla.com,Genderqueer
792,Samuele,Wesley,swesleylz@abc.net.au,Male
793,Tanney,Shenley,tshenleym0@noaa.gov,Male
794,Tobie,Jemmett,tjemmettm1@facebook.com,Male
795,Porter,Giotto,pgiottom2@studiopress.com,Male
796,Ignaz,Yuryichev,iyuryichevm3@google.fr,Male
797,Johannes,Barrett,jbarrettm4@hostgator.com,Male
798,Arch,Cheyne,acheynem5@aol.com,Male
799,Alberto,Snelle,asnellem6@un.org,Male
800,Sayers,Dimbylow,sdimbylowm7@wunderground.com,Male
801,Reinold,Olley,rolleym8@theglobeandmail.com,Male
802,Jae,Torrie,jtorriem9@telegraph.co.uk,Male
803,Fanechka,Ewen,fewenma@baidu.com,Female
804,Corny,Felder,cfeldermb@ucla.edu,Male
805,Hubie,Moehler,hmoehlermc@omniture.com,Male
806,Clem,Albury,calburymd@pen.io,Genderfluid
807,Alida,Mucklo,amucklome@bbc.co.uk,Female
808,Bunny,Skittle,bskittlemf@last.fm,Female
809,Phoebe,Ales0,palesmg@weather.com,Female
810,Marylin,Sickling,msicklingmh@slideshare.net,Female
811,Avictor,Bysaker,abysakermi@hostgator.com,Male
812,Merrielle,Greeson,mgreesonmj@dagondesign.com,Female
813,Paolo,Revitt,previttmk@plala.or.jp,Male
814,Heather,Nornable,hnornableml@examiner.com,Female
815,Hayden,Danskine,hdanskinemm@merriam-webster.com,Male
816,Norton,Dineges,ndinegesmn@angelfire.com,Male
817,Tadeas,Kelinge,tkelingemo@mayoclinic.com,Male
818,Elisa,Leal,elealmp@economist.com,Polygender
819,Fionnula,Wank,fwankmq@last.fm,Female
820,Shirlene,Stearn,sstearnmr@networkadvertising.org,Female
821,Chastity,Halliberton,challibertonms@state.tx.us,Female
822,Janice,Acosta,jacostamt@i2i.jp,Female
823,Holden,Gather,hgathermu@about.me,Male
824,Seline,Sollowaye,ssollowayemv@mail.ru,Female
825,Casey,Gwyther,cgwythermw@usgs.gov,Male
826,Brod,Semark,bsemarkmx@nsw.gov.au,Male
827,Cass,Calley,ccalleymy@loc.gov,Male
828,Hill,Symes,hsymesmz@dyndns.org,Male
829,Pacorro,Antonelli,pantonellin0@sohu.com,Male
830,Gussie,Barrabeale,gbarrabealen1@plala.or.jp,Female
831,Heinrick,Bruford,hbrufordn2@constantcontact.com,Male
832,Gabie,Whieldon,gwhieldonn3@cdc.gov,Male
833,Arlinda,Mallord,amallordn4@last.fm,Female
834,Hynda,Jacobi,hjacobin5@jalbum.net,Female
835,Nichole,Jakoubek,njakoubekn6@netvibes.com,Male
836,Jessa,O'Heyne,joheynen7@boston.com,Female
837,Edeline,Hawler,ehawlern8@vistaprint.com,Female
838,Rikki,Croux,rcrouxn9@alexa.com,Male
839,Janenna,Genn,jgennna@themeforest.net,Female
840,Eric,Dalgleish,edalgleishnb@unesco.org,Male
841,Denis,Jordison,djordisonnc@slate.com,Male
842,Ebony,Phillins,ephillinsnd@live.com,Female
843,Hatty,Woolcocks,hwoolcocksne@yellowbook.com,Non-binary
844,Welbie,Zanneli,wzannelinf@foxnews.com,Male
845,Seline,Thorogood,sthorogoodng@goo.ne.jp,Female
846,Cindie,Mines,cminesnh@disqus.com,Female
847,Mariel,Redpath,mredpathni@virginia.edu,Genderqueer
848,Roi,Flori,rflorinj@blinklist.com,Genderqueer
849,Dinny,Vasnev,dvasnevnk@wikia.com,Female
850,Arda,Varah,avarahnl@quantcast.com,Female
851,Rodrick,Huntly,rhuntlynm@virginia.edu,Male
852,Darwin,Ring,dringnn@trellian.com,Male
853,Duffy,Hallas,dhallasno@pinterest.com,Male
854,Justina,Daymond,jdaymondnp@netvibes.com,Female
855,Carolan,Barwood,cbarwoodnq@tinypic.com,Female
856,Elfie,Coleford,ecolefordnr@yahoo.co.jp,Female
857,Corrine,Leinthall,cleinthallns@fastcompany.com,Female
858,Sal,Cregg,screggnt@hhs.gov,Male
859,Fabio,Collins,fcollinsnu@slideshare.net,Male
860,Elvyn,Veivers,eveiversnv@rakuten.co.jp,Male
861,Brande,Tolumello,btolumellonw@elpais.com,Genderfluid
862,Regan,Montilla,rmontillanx@cisco.com,Male
863,Mavis,Bartholomieu,mbartholomieuny@purevolume.com,Female
864,Estrella,McDonald,emcdonaldnz@hhs.gov,Female
865,Eamon,Cheyne,echeyneo0@google.ca,Agender
866,Valida,Meekins,vmeekinso1@scientificamerican.com,Female
867,Emmalee,Chipps,echippso2@wix.com,Female
868,Klement,Pervoe,kpervoeo3@wikipedia.org,Male
869,Arleta,Collie,acollieo4@yahoo.co.jp,Female
870,Toni,Matyugin,tmatyugino5@netvibes.com,Female
871,Baldwin,Lissandre,blissandreo6@google.it,Male
872,Amelina,Tomasicchio,atomasicchioo7@indiatimes.com,Female
873,Joli,Foulds,jfouldso8@nih.gov,Female
874,Dewie,Elstob,delstobo9@netlog.com,Male
875,Georg,Denisot,gdenisotoa@skyrock.com,Genderfluid
876,Reid,Silbert,rsilbertob@thetimes.co.uk,Male
877,Nickie,Spellesy,nspellesyoc@bigcartel.com,Female
878,Frasier,Savatier,fsavatierod@issuu.com,Genderqueer
879,Percival,Fruen,pfruenoe@ameblo.jp,Male
880,Whitman,Conklin,wconklinof@elpais.com,Male
881,Torre,Kleinholz,tkleinholzog@microsoft.com,Male
882,Rosalind,Spavon,rspavonoh@reddit.com,Female
883,Napoleon,Ogilvie,nogilvieoi@google.pl,Male
884,Kayla,Blasio,kblasiooj@dedecms.com,Female
885,Idelle,Huntly,ihuntlyok@slate.com,Genderqueer
886,Rubie,Mardle,rmardleol@state.tx.us,Female
887,Hervey,Fryett,hfryettom@java.com,Male
888,Quinn,Cream,qcreamon@bigcartel.com,Male
889,Rebeka,Manuel,rmanueloo@squidoo.com,Female
890,Sherry,Rigglesford,srigglesfordop@hp.com,Female
891,Stefanie,Fawcitt,sfawcittoq@ask.com,Female
892,Shandeigh,Hillum,shillumor@webnode.com,Female
893,Britteny,Broyd,bbroydos@indiegogo.com,Female
894,Marcy,Hollier,mhollierot@usgs.gov,Female
895,Audra,Patek,apatekou@adobe.com,Female
896,Osbourne,Calway,ocalwayov@over-blog.com,Male
897,Ester,Wace,ewaceow@sina.com.cn,Female
898,Kingsly,Staves,kstavesox@phpbb.com,Male
899,Catherina,Privett,cprivettoy@alexa.com,Female
900,Dalli,Mussolini,dmussolinioz@nih.gov,Genderfluid
901,Kinna,Siaspinski,ksiaspinskip0@about.com,Female
902,Rem,Frandsen,rfrandsenp1@google.com.hk,Male
903,Portie,Parbrook,pparbrookp2@plala.or.jp,Male
904,Lauren,Brettelle,lbrettellep3@taobao.com,Male
905,Tiff,Northover,tnorthoverp4@linkedin.com,Female
906,Otto,Trembey,otrembeyp5@fda.gov,Male
907,Jabez,Sporrij,jsporrijp6@xrea.com,Male
908,Manny,Leddie,mleddiep7@clickbank.net,Male
909,Netti,Burdge,nburdgep8@earthlink.net,Female
910,Christean,Errichiello,cerrichiellop9@mapy.cz,Female
911,Jephthah,Devita,jdevitapa@nba.com,Male
912,Allis,Wieprecht,awieprechtpb@parallels.com,Female
913,Errick,Karpe,ekarpepc@drupal.org,Male
914,Irma,Oldmeadow,ioldmeadowpd@paypal.com,Female
915,Nikkie,Brocklesby,nbrocklesbype@usatoday.com,Female
916,Nevsa,Bartoszewicz,nbartoszewiczpf@amazon.com,Female
917,Alphard,Piquard,apiquardpg@nih.gov,Male
918,Terry,Paxton,tpaxtonph@abc.net.au,Genderqueer
919,Glory,Heister,gheisterpi@xing.com,Female
920,Hillary,Ewin,hewinpj@live.com,Bigender
921,Trumann,Springer,tspringerpk@nyu.edu,Male
922,Cheryl,Thomann,cthomannpl@upenn.edu,Female
923,Eirena,Bernardotte,ebernardottepm@princeton.edu,Female
924,Baldwin,Tilliards,btilliardspn@blog.com,Agender
925,Zora,Oby,zobypo@issuu.com,Female
926,Jayne,Durante,jdurantepp@state.gov,Female
927,Harbert,Badland,hbadlandpq@pcworld.com,Male
928,Nadiya,Dunsmore,ndunsmorepr@thetimes.co.uk,Female
929,Maurise,Polfer,mpolferps@opensource.org,Female
930,Ham,Barkhouse,hbarkhousept@4shared.com,Male
931,Frannie,Barneveld,fbarneveldpu@zdnet.com,Female
932,Wilhelmina,Gotthard,wgotthardpv@squarespace.com,Bigender
933,Afton,Brigden,abrigdenpw@wix.com,Female
934,Sheila,Wolfe,swolfepx@networkadvertising.org,Female
935,Wilona,Hamprecht,whamprechtpy@opensource.org,Female
936,Claretta,Risebarer,crisebarerpz@independent.co.uk,Genderfluid
937,Merilee,D'Enrico,mdenricoq0@si.edu,Female
938,Mufinella,Fyfield,mfyfieldq1@issuu.com,Female
939,Sidoney,Overbury,soverburyq2@skype.com,Female
940,Giuditta,Reade,greadeq3@is.gd,Female
941,Joeann,Ingliss,jinglissq4@usgs.gov,Female
942,Vernon,Littley,vlittleyq5@china.com.cn,Male
943,Duane,Spencelayh,dspencelayhq6@ifeng.com,Male
944,Lewiss,Kensitt,lkensittq7@ted.com,Male
945,Kincaid,Glasscoo,kglasscooq8@tiny.cc,Agender
946,Neysa,Tosspell,ntosspellq9@alibaba.com,Female
947,Pippy,Signoret,psignoretqa@xinhuanet.com,Female
948,Lorilyn,Eilhertsen,leilhertsenqb@dailymotion.com,Female
949,Pedro,Haskins,phaskinsqc@narod.ru,Male
950,Ulysses,Setterthwait,usetterthwaitqd@unc.edu,Male
951,Lory,Frankel,lfrankelqe@slideshare.net,Female
952,Savina,Stelle,sstelleqf@uol.com.br,Non-binary
953,Sande,Pinn,spinnqg@washington.edu,Female
954,Oralie,Chippindall,ochippindallqh@jalbum.net,Female
955,Francoise,Takis,ftakisqi@hugedomains.com,Female
956,Minnie,McGrae,mmcgraeqj@theglobeandmail.com,Female
957,Petey,Castelli,pcastelliqk@blogs.com,Male
958,Klarrisa,Audibert,kaudibertql@is.gd,Female
959,Olimpia,Hodinton,ohodintonqm@umn.edu,Female
960,Tod,Meardon,tmeardonqn@chicagotribune.com,Male
961,Ronald,Sigg,rsiggqo@guardian.co.uk,Male
962,Nathanial,Gilleon,ngilleonqp@bloomberg.com,Male
963,Delmar,Kull,dkullqq@whitehouse.gov,Male
964,Corly,Wimbush,cwimbushqr@ucla.edu,Female
965,Hasty,Paffley,hpaffleyqs@parallels.com,Male
966,Ave,Mitchelhill,amitchelhillqt@upenn.edu,Male
967,Steven,Blenkin,sblenkinqu@state.gov,Male
968,Vally,Meeking,vmeekingqv@live.com,Female
969,Letitia,Pattison,lpattisonqw@ebay.com,Female
970,Aubert,Maroney,amaroneyqx@blog.com,Male
971,Igor,Pymm,ipymmqy@symantec.com,Male
972,Buck,Fardon,bfardonqz@cam.ac.uk,Male
973,Budd,Wrench,bwrenchr0@sun.com,Male
974,Corene,Chastney,cchastneyr1@google.ru,Female
975,Nani,Rikel,nrikelr2@delicious.com,Female
976,Arturo,Albasiny,aalbasinyr3@boston.com,Male
977,Alair,Sigert,asigertr4@unesco.org,Male
978,Steffi,Torricella,storricellar5@163.com,Female
979,Joycelin,Ogley,jogleyr6@discovery.com,Female
980,Ann,Goodboddy,agoodboddyr7@barnesandnoble.com,Polygender
981,Juanita,Blaiklock,jblaiklockr8@google.cn,Female
982,Kahaleel,Patters,kpattersr9@symantec.com,Male
983,Elvera,Barus,ebarusra@edublogs.org,Female
984,Ellerey,Thayre,ethayrerb@ted.com,Male
985,Gerty,Lightman,glightmanrc@techcrunch.com,Female
986,Therese,Kneesha,tkneeshard@bing.com,Polygender
987,Murial,Gromley,mgromleyre@springer.com,Female
988,Dannye,Steward,dstewardrf@vinaora.com,Female
989,Al,Widdows,awiddowsrg@hexun.com,Male
990,Tully,Reide,treiderh@theatlantic.com,Male
991,Justin,Biesterfeld,jbiesterfeldri@slate.com,Male
992,Shepard,Yule,syulerj@mapquest.com,Male
993,Omar,Greenhouse,ogreenhouserk@time.com,Male
994,Gibby,Capstake,gcapstakerl@economist.com,Male
995,Rosalyn,Ciobotaru,rciobotarurm@hugedomains.com,Female
996,Berkeley,Shoorbrooke,bshoorbrookern@com.com,Male
997,Mia,Skayman,mskaymanro@redcross.org,Female
998,Ophelie,Kennealy,okennealyrp@addtoany.com,Female
999,Claretta,Glaysher,cglaysherrq@networksolutions.com,Female
1000,Harrie,Tremmil,htremmilrr@sciencedaily.com,Genderqueer
